alpha,gens

0.0,980
0.1,344
0.2,350
0.30000000000000004,327
0.4,403
0.5,427
0.6,465
0.7,344
0.7999999999999999,358
0.8999999999999999,420
0.9999999999999999,387